
SET SQL_SAFE_UPDATES = 0;

DELETE FROM T_SAC_USER;
COMMIT;
  
INSERT INTO T_SAC_USER VALUES(1, 'admin', 'admin', '8D969EEF6ECAD3C29A3A629280E686CF0C3F5D5A86AFF3CA12020C923ADC6C92', '', '', '', '', NOW(), NOW());
INSERT INTO T_SAC_USER VALUES(2, 'style', 'style', '8D969EEF6ECAD3C29A3A629280E686CF0C3F5D5A86AFF3CA12020C923ADC6C92', '', '', '', '', NOW(), NOW());
COMMIT;

DELETE FROM T_SAC_USER_ROLE WHERE user_id = 1;
COMMIT;

INSERT INTO T_SAC_USER_ROLE VALUES(1, 1);
INSERT INTO T_SAC_USER_ROLE VALUES(2, 3);
COMMIT;

DELETE FROM T_SAC_ROLE;
COMMIT;

INSERT INTO T_SAC_ROLE VALUES(1, 1, '系统管理员');
INSERT INTO T_SAC_ROLE VALUES(2, 2, '用户');
INSERT INTO T_SAC_ROLE VALUES(3, 3, 'style');
COMMIT;

DELETE FROM T_SAC_MENU;
COMMIT;

INSERT INTO T_SAC_MENU VALUES(0100100001, -1, '系统管理', 'fa-gear', '管理系统', '', '1', '1');
INSERT INTO T_SAC_MENU VALUES(0100100002, 0100100001, '用户管理', 'fa-users', '管理用户', '/userManager.do', '1', '1');


INSERT INTO T_SAC_MENU VALUES(0300100001, -1, 'UI Element', 'fa-gear', 'UI 元素', '', '1', '1');
INSERT INTO T_SAC_MENU VALUES(0300100002, 0300100001, 'Button', 'fa-users', '按钮', '/style/ui/button.do', '1', '1');
INSERT INTO T_SAC_MENU VALUES(0300100003, 0300100001, 'Dialog', 'fa-users', '对话框', '/style/ui/dialog.do', '1', '1');
INSERT INTO T_SAC_MENU VALUES(0300100004, 0300100001, 'Alert', 'fa-users', '警告框', '/style/ui/alert.do', '1', '1');
INSERT INTO T_SAC_MENU VALUES(0300100005, 0300100001, 'Calendar', 'fa-users', '日历', '/style/ui/calendar.do', '1', '1');
INSERT INTO T_SAC_MENU VALUES(0300100006, 0300100001, 'Loader', 'fa-users', '加载', '/style/ui/loader.do', '1', '1');
INSERT INTO T_SAC_MENU VALUES(0300100007, 0300100001, 'Typography', 'fa-users', '排印', '/style/ui/typography.do', '1', '1');
INSERT INTO T_SAC_MENU VALUES(0300100008, 0300100001, 'Colors', 'fa-users', '颜色', '/style/ui/colors.do', '1', '1');
INSERT INTO T_SAC_MENU VALUES(0300200001, -1, 'Form', 'fa-users', '表单', '', '1', '1');
INSERT INTO T_SAC_MENU VALUES(0300200002, 0300200001, 'Standard ', 'fa-users', '标准', '/style/form/standard.do', '1', '1');
INSERT INTO T_SAC_MENU VALUES(0300300001, -1, 'Table', 'fa-users', '表格', '', '1', '1');
INSERT INTO T_SAC_MENU VALUES(0300300002, 0300300001, 'Standard ', 'fa-users', '标准', '/style/table/standard.do', '1', '1');
INSERT INTO T_SAC_MENU VALUES(0300400001, -1, 'Chart', 'fa-users', '图表', '', '1', '1');
INSERT INTO T_SAC_MENU VALUES(0300400002, 0300400001, 'Standard ', 'fa-users', '标准', '/style/chart/standard.do', '1', '1');

COMMIT;

DELETE FROM T_SAC_ROLE_MENU;
COMMIT;

INSERT INTO T_SAC_ROLE_MENU VALUES(1, 0100100001);
INSERT INTO T_SAC_ROLE_MENU VALUES(1, 0100100002);


INSERT INTO T_SAC_ROLE_MENU VALUES(3, 0300100001);
INSERT INTO T_SAC_ROLE_MENU VALUES(3, 0300100002);
INSERT INTO T_SAC_ROLE_MENU VALUES(3, 0300100003);
INSERT INTO T_SAC_ROLE_MENU VALUES(3, 0300100004);
INSERT INTO T_SAC_ROLE_MENU VALUES(3, 0300100005);
INSERT INTO T_SAC_ROLE_MENU VALUES(3, 0300100006);
INSERT INTO T_SAC_ROLE_MENU VALUES(3, 0300100007);
INSERT INTO T_SAC_ROLE_MENU VALUES(3, 0300100008);
INSERT INTO T_SAC_ROLE_MENU VALUES(3, 0300200001);
INSERT INTO T_SAC_ROLE_MENU VALUES(3, 0300200002);
INSERT INTO T_SAC_ROLE_MENU VALUES(3, 0300300001);
INSERT INTO T_SAC_ROLE_MENU VALUES(3, 0300300002);
INSERT INTO T_SAC_ROLE_MENU VALUES(3, 0300400001);
INSERT INTO T_SAC_ROLE_MENU VALUES(3, 0300400002);

COMMIT;